{"cameraMode":{"drawMode":0,"name":"Shaded","section":"Shading Mode"},"sceneLighting":false,"audioPlay":false,"sceneViewState":{"m_AlwaysRefresh":false,"showFog":true,"showSkybox":false,"showFlares":true,"showImageEffects":true,"showParticleSystems":true,"showVisualEffectGraphs":true,"m_FxEnabled":true},"in2DMode":false,"pivot":{"x":-0.17429447174072267,"y":4.575131893157959,"z":0.14883184432983399},"rotation":{"x":-0.06327521800994873,"y":-0.0017774180741980672,"z":-0.00002470912477292586,"w":-0.9980580806732178},"size":6.775594234466553,"orthographic":false}