{"cameraMode":{"drawMode":0,"name":"Shaded","section":"Shading Mode"},"sceneLighting":true,"audioPlay":false,"sceneViewState":{"m_AlwaysRefresh":false,"showFog":true,"showSkybox":true,"showFlares":true,"showImageEffects":true,"showParticleSystems":true,"showVisualEffectGraphs":true,"m_FxEnabled":true},"in2DMode":false,"pivot":{"x":-3.2472336292266847,"y":8.536407470703125,"z":-30.743244171142579},"rotation":{"x":-0.05575421825051308,"y":0.032663825899362567,"z":-0.0019460738403722644,"w":-0.997977077960968},"size":15.920119285583496,"orthographic":false}