{"cameraMode":{"drawMode":0,"name":"Shaded","section":"Shading Mode"},"sceneLighting":true,"audioPlay":false,"sceneViewState":{"m_AlwaysRefresh":false,"showFog":true,"showSkybox":true,"showFlares":true,"showImageEffects":true,"showParticleSystems":true,"showVisualEffectGraphs":true,"m_FxEnabled":true},"in2DMode":false,"pivot":{"x":6.588705539703369,"y":6.204254627227783,"z":12.425621032714844},"rotation":{"x":-0.06327521800994873,"y":-0.0017774180741980672,"z":-0.00002470912477292586,"w":-0.9980580806732178},"size":29.92327308654785,"orthographic":false}