{"cameraMode":{"drawMode":0,"name":"Shaded","section":"Shading Mode"},"sceneLighting":true,"audioPlay":false,"sceneViewState":{"m_AlwaysRefresh":false,"showFog":true,"showSkybox":true,"showFlares":true,"showImageEffects":true,"showParticleSystems":true,"showVisualEffectGraphs":true,"m_FxEnabled":true},"in2DMode":false,"pivot":{"x":-0.3582459092140198,"y":8.932762145996094,"z":-7.914239883422852},"rotation":{"x":-0.08209962397813797,"y":-0.001811120891943574,"z":-0.00015297785284928977,"w":0.9966705441474915},"size":6.612433433532715,"orthographic":false}